method,avg_latency_seconds,p50_latency_seconds,p90_latency_seconds,parse_success_rate,validation_error_count,failure_count
one_shot,15.082865056671144,12.335974478992284,29.868870374400288,1.0,0,0
workflow,29.072681484657515,26.598935416477616,48.2366063375026,1.0,0,0
